{
  "files": [
    {
      "filepath": "/home/luxluth/Code/probe/anode/packages/anode/bench/core.bench.ts",
      "groups": [
        {
          "fullName": "bench/core.bench.ts > Anode Core Benchmarks > Creation & Topology",
          "benchmarks": [
            {
              "id": "1882792653_0_0_0",
              "name": "Create 1000 entities with 2 sockets",
              "rank": 2,
              "rme": 2.237919086079025,
              "samples": [],
              "totalTime": 10462.839016,
              "min": 1011.5481660000005,
              "max": 1103.940831,
              "hz": 0.9557635346111876,
              "period": 1046.2839016,
              "mean": 1046.2839016,
              "variance": 1071.5258326098567,
              "sd": 32.73416919076848,
              "sem": 10.35145319561392,
              "df": 9,
              "critical": 2.262,
              "moe": 23.41498712847869,
              "p75": 1065.7945610000006,
              "p99": 1103.940831,
              "p995": 1103.940831,
              "p999": 1103.940831,
              "sampleCount": 10,
              "median": 1037.7616695000006
            },
            {
              "id": "1882792653_0_0_1",
              "name": "Link 1000 entities sequentially",
              "rank": 1,
              "rme": 2.551892581934496,
              "samples": [],
              "totalTime": 501.1947060000057,
              "min": 4.244069999997009,
              "max": 10.574447999999393,
              "hz": 203.51372187079497,
              "period": 4.9136735882353495,
              "mean": 4.9136735882353495,
              "variance": 0.4075132980710188,
              "sd": 0.6383676825083009,
              "sem": 0.06320781923513079,
              "df": 101,
              "critical": 1.9838,
              "moe": 0.12539167179865246,
              "p75": 4.986297999999806,
              "p99": 6.264408999999432,
              "p995": 10.574447999999393,
              "p999": 10.574447999999393,
              "sampleCount": 102,
              "median": 4.846776500000487
            }
          ]
        },
        {
          "fullName": "bench/core.bench.ts > Anode Core Benchmarks > Spatial Operations",
          "benchmarks": [
            {
              "id": "1882792653_0_1_0",
              "name": "Query 2000 nodes (10% viewport)",
              "rank": 1,
              "rme": 0.472258542989512,
              "samples": [],
              "totalTime": 500.00031999893326,
              "min": 0.0007259999983943999,
              "max": 0.7897819999998319,
              "hz": 1126945.278757426,
              "period": 0.0008873545316260642,
              "mean": 0.0008873545316260642,
              "variance": 0.0000025758167138725912,
              "sd": 0.0016049351120442817,
              "sem": 0.0000021380650929636015,
              "df": 563472,
              "critical": 1.96,
              "moe": 0.000004190607582208659,
              "p75": 0.0008779999989201315,
              "p99": 0.0013909999979659915,
              "p995": 0.0019019999999727588,
              "p999": 0.006323000001430046,
              "sampleCount": 563473,
              "median": 0.000857000002724817
            },
            {
              "id": "1882792653_0_1_1",
              "name": "Move 1000 nodes (Incremental QuadTree updates)",
              "rank": 2,
              "rme": 2.348464970392597,
              "samples": [],
              "totalTime": 501.0360470000378,
              "min": 1.0311069999988831,
              "max": 6.8976480000019365,
              "hz": 898.1389716256605,
              "period": 1.1134134377778617,
              "mean": 1.1134134377778617,
              "variance": 0.08009058416963676,
              "sd": 0.28300279887244356,
              "sem": 0.013340879878498498,
              "df": 449,
              "critical": 1.96,
              "moe": 0.026148124561857056,
              "p75": 1.1046560000031604,
              "p99": 1.2901239999991958,
              "p995": 1.315322999998898,
              "p999": 6.8976480000019365,
              "sampleCount": 450,
              "median": 1.083055000000968
            }
          ]
        },
        {
          "fullName": "bench/core.bench.ts > Anode Core Benchmarks > Reactivity",
          "benchmarks": [
            {
              "id": "1882792653_0_2_0",
              "name": "Direct value propagation (1 link)",
              "rank": 1,
              "rme": 0.592495144626914,
              "samples": [],
              "totalTime": 500.0001319977382,
              "min": 0.00015699999858043157,
              "max": 0.6513450000020384,
              "hz": 5249324.614202048,
              "period": 0.0001905006974220074,
              "mean": 0.0001905006974220074,
              "variance": 8.704105327281303e-7,
              "sd": 0.0009329579479955837,
              "sem": 5.758711136254095e-7,
              "df": 2624662,
              "critical": 1.96,
              "moe": 0.0000011287073827058027,
              "p75": 0.0001809999994293321,
              "p99": 0.00039400000241585076,
              "p995": 0.00040300000182469375,
              "p999": 0.0009350000000267755,
              "sampleCount": 2624663,
              "median": 0.00017799999841372482
            },
            {
              "id": "1882792653_0_2_1",
              "name": "Chain propagation (100 links deep)",
              "rank": 2,
              "rme": 0.12633923030540092,
              "samples": [],
              "totalTime": 500.14489299990964,
              "min": 0.1373539999985951,
              "max": 0.2561939999977767,
              "hz": 6580.093181118606,
              "period": 0.15197353175323902,
              "mean": 0.15197353175323902,
              "variance": 0.00003158116200939325,
              "sd": 0.005619711915160175,
              "sem": 0.00009796030116580421,
              "df": 3290,
              "critical": 1.96,
              "moe": 0.00019200219028497626,
              "p75": 0.15265700000236393,
              "p99": 0.162413000001834,
              "p995": 0.18152099999861093,
              "p999": 0.24950499999977183,
              "sampleCount": 3291,
              "median": 0.1515289999988454
            }
          ]
        },
        {
          "fullName": "bench/core.bench.ts > Anode Core Benchmarks > Serialization & Sync",
          "benchmarks": [
            {
              "id": "1882792653_0_3_0",
              "name": "Serialize 1000 nodes to JSON",
              "rank": 1,
              "rme": 4.108111458098209,
              "samples": [],
              "totalTime": 500.2695780001086,
              "min": 0.0730489999987185,
              "max": 7.165465000001859,
              "hz": 5321.131080250141,
              "period": 0.18792996919613394,
              "mean": 0.18792996919613394,
              "variance": 0.041302128127312106,
              "sd": 0.20322925017652382,
              "sem": 0.003938965611095313,
              "df": 2661,
              "critical": 1.96,
              "moe": 0.0077203725977468135,
              "p75": 0.22963900000104331,
              "p99": 0.47825600000214763,
              "p995": 0.5575079999980517,
              "p999": 3.6780910000015865,
              "sampleCount": 2662,
              "median": 0.2164954999989277
            },
            {
              "id": "1882792653_0_3_1",
              "name": "Deserialize 1000 nodes from JSON",
              "rank": 3,
              "rme": 2.1889650534776504,
              "samples": [],
              "totalTime": 501.3188090000149,
              "min": 1.3952040000003763,
              "max": 3.6488639999988663,
              "hz": 600.4163310776378,
              "period": 1.6655109933555312,
              "mean": 1.6655109933555312,
              "variance": 0.10414226441115403,
              "sd": 0.32271080615801206,
              "sem": 0.018600741635908698,